[
    {
        "password": "aA123321520",
        "tip": "data1tip",
        "title": "one",
        "url": "https://github.com/login",
        "username": "ZeXinWork"
    },
    {
        "password": "123321520",
        "tip": "data2tip",
        "title": "tow",
        "url": "https://passport.bilibili.com/login",
        "username": "18759467518"
    },
    {
        "password": "a123321520",
        "tip": "data3tip",
        "title": "three",
        "url": "https://www.iqiyi.com/",
        "username": "18759467518"
    },
    {
        "password": "a123321520",
        "tip": "data4tip",
        "title": "four",
        "url": "https://v.qq.com/",
        "username": "18759467518"
    },
    {
        "password": "a123321520",
        "tip": "data5tip",
        "title": "five",
        "url": "https://www.jianshu.com/sign_in",
        "username": "18759467518"
    },
    {
        "password": "a123321520",
        "tip": "data6tip",
        "title": "six",
        "url": "https://juejin.im/",
        "username": "18759467518"
    },
    {
        "password": "a123321520",
        "tip": "data6tip",
        "title": "seven",
        "url": "https://juejin.im/",
        "username": "18759467518"
    },
    {
        "password": "a123321520",
        "tip": "data6tip",
        "title": "eight",
        "url": "https://www.youku.com/",
        "username": "18759467518"
    },
    {
        "password": "a123321520",
        "tip": "data6tip",
        "title": "nine",
        "url": "https://juejin.im/",
        "username": "18759467518"
    }
]